Date,Open,High,Low,Close,Adj Close,Volume,neutral-count-finbert,positive-count-finbert,negative-count-finbert,average-confidence-finbert,average-neutral-score-gemini,average-positive-score-gemini,average-negative-score-gemini,prediction-label,ticker,number-employees,date_object
2024-11-08,299.1600037,328.7000122,297.6600037,321.2200012,321.2200012,201778989,3,1,4,0.995374165,6.875,4.375,3.5,1.0,TSLA,140473.0,2024-11-08 00:00:00
2024-11-08,227.1399994,228.6600037,226.4084015,226.9600067,226.9600067,37608324,2,2,4,0.893756397,6.875,5.375,3.5,0.0,AAPL,164000.0,2024-11-08 00:00:00
2024-11-08,2.319999933,2.359999895,2.099999905,2.210000038,2.210000038,102274174,5,1,2,0.912987947,7.125,5.25,2.375,0.0,LCID,6500.0,2024-11-08 00:00:00
2024-11-08,27.11000061,27.14999962,26.71809959,26.71999931,26.71999931,53549746,3,3,2,0.926919505,6.5,5.75,2.5,0.0,PFE,88000.0,2024-11-08 00:00:00
2024-11-08,40.74000168,40.84999847,40.41999817,40.47999954,40.47999954,21278511,1,1,6,0.982125357,8.25,4.125,1.75,0.0,VZ,101200.0,2024-11-08 00:00:00
2024-11-08,148.7700043,149.7599945,146.2599945,147.6300049,147.6300049,173148255,3,1,4,0.905805498,7.125,4.75,2.5,0.0,NVDA,29600.0,2024-11-08 00:00:00
2024-11-08,157.0,157.0800018,155.4100037,155.4700012,155.4700012,8818545,3,0,5,0.951472953,7.375,5.0,1.375,0.0,JNJ,131900.0,2024-11-08 00:00:00
2024-11-08,22.04999924,22.43000031,22.04999924,22.34000015,22.34000015,29866241,2,2,4,0.997335121,7.375,4.125,2.125,1.0,T,143630.0,2024-11-08 00:00:00
2024-11-08,120.9499969,124.2137985,120.9000015,123.5500031,123.5500031,3622769,7,1,0,0.937358066,7.625,6.75,1.75,1.0,RTX,185000.0,2024-11-08 00:00:00
2024-11-08,88.36000061,88.66999817,87.56999969,87.72000122,87.72000122,8134485,4,0,4,0.977421314,7.75,4.125,3.25,0.0,MDT,95000.0,2024-11-08 00:00:00
2024-11-08,180.6450043,180.8999939,178.0800018,178.3500061,178.3500061,21970658,4,1,3,0.871701188,7.125,5.0,3.125,0.0,GOOGL,181269.0,2024-11-08 00:00:00
2024-11-08,87.56999969,88.94000244,87.3239975,88.25,88.25,3737888,3,3,2,0.945948832,7.5,4.25,3.125,1.0,BSX,48000.0,2024-11-08 00:00:00
2024-11-08,591.4899902,593.0999756,584.5499878,589.3400269,589.3400269,9254890,1,1,6,0.882399388,7.5,3.625,3.25,0.0,META,72404.0,2024-11-08 00:00:00
2024-11-09,227.1399994,228.6600037,226.4084015,226.9600067,226.9600067,37608324,1,0,7,0.974606656,6.25,2.375,1.75,0.0,AAPL,164000.0,2024-11-09 00:00:00
2024-11-09,2.319999933,2.359999895,2.099999905,2.210000038,2.210000038,102274174,5,1,2,0.917896777,7.625,4.375,2.875,0.0,LCID,6500.0,2024-11-09 00:00:00
2024-11-09,27.11000061,27.14999962,26.71809959,26.71999931,26.71999931,53549746,2,0,6,0.936197095,6.25,3.125,1.5,0.0,PFE,88000.0,2024-11-09 00:00:00
2024-11-09,40.74000168,40.84999847,40.41999817,40.47999954,40.47999954,21278511,1,1,6,0.975383721,7.75,3.625,1.375,0.0,VZ,101200.0,2024-11-09 00:00:00
2024-11-09,148.7700043,149.7599945,146.2599945,147.6300049,147.6300049,173148255,2,0,6,0.868050024,5.875,3.0,1.625,0.0,NVDA,29600.0,2024-11-09 00:00:00
2024-11-09,157.0,157.0800018,155.4100037,155.4700012,155.4700012,8818545,1,0,7,0.941472799,7.5,4.375,1.25,0.0,JNJ,131900.0,2024-11-09 00:00:00
2024-11-09,22.04999924,22.43000031,22.04999924,22.34000015,22.34000015,29866241,1,2,5,0.993255429,7.5,3.375,2.25,1.0,T,143630.0,2024-11-09 00:00:00
2024-11-09,120.9499969,124.2137985,120.9000015,123.5500031,123.5500031,3622769,6,1,1,0.933277212,6.75,5.75,1.75,1.0,RTX,185000.0,2024-11-09 00:00:00
2024-11-09,88.36000061,88.66999817,87.56999969,87.72000122,87.72000122,8134485,4,0,4,0.966304146,6.75,3.375,2.125,0.0,MDT,95000.0,2024-11-09 00:00:00
2024-11-09,180.6450043,180.8999939,178.0800018,178.3500061,178.3500061,21970658,1,0,7,0.919377312,5.125,2.5,1.875,0.0,GOOGL,181269.0,2024-11-09 00:00:00
2024-11-09,87.56999969,88.94000244,87.3239975,88.25,88.25,3737888,3,3,2,0.831131984,7.75,3.625,3.5,1.0,BSX,48000.0,2024-11-09 00:00:00
2024-11-09,591.4899902,593.0999756,584.5499878,589.3400269,589.3400269,9254890,0,0,8,0.976398498,7.25,3.125,1.75,0.0,META,72404.0,2024-11-09 00:00:00
2024-11-11,225.0549927,225.6999969,221.5,224.2299957,224.2299957,41415717,3,0,5,0.945335798,6.5,6.5,1.375,0.0,AAPL,164000.0,2024-11-11 00:00:00
2024-11-11,2.25999999,2.410000086,2.234999895,2.339999914,2.339999914,102030417,5,2,1,0.920901813,7.5,4.625,3.0,1.0,LCID,6500.0,2024-11-11 00:00:00
2024-11-11,26.71999931,26.82999992,26.21999931,26.23999977,26.23999977,49806544,3,3,2,0.945881791,6.75,4.875,3.0,0.0,PFE,88000.0,2024-11-11 00:00:00
2024-11-11,40.47000122,40.88000107,40.40999985,40.43999863,40.43999863,16526077,3,0,5,0.924885117,7.125,7.25,1.375,0.0,VZ,101200.0,2024-11-11 00:00:00
2024-11-11,148.6799927,148.7700043,143.5700073,145.2599945,145.2599945,179647592,7,1,0,0.989105649,5.875,6.375,1.625,0.0,NVDA,29600.0,2024-11-11 00:00:00
2024-11-11,155.6199951,157.5800018,154.9100037,155.0399933,155.0399933,6868482,3,0,5,0.913906284,7.25,5.875,1.875,0.0,JNJ,131900.0,2024-11-11 00:00:00
2024-11-11,22.28000069,22.47999954,22.24500084,22.30999947,22.30999947,18894910,2,2,4,0.988345839,7.5,4.25,2.25,1.0,T,143630.0,2024-11-11 00:00:00
2024-11-11,124.0749969,125.5400009,124.0199966,124.5599976,124.5599976,3924274,5,1,2,0.910288878,7.875,5.25,2.125,1.0,RTX,185000.0,2024-11-11 00:00:00
2024-11-11,88.20999908,88.80999756,87.75,88.26999664,88.26999664,2892581,5,0,3,0.974596143,7.875,5.5,2.5,1.0,MDT,95000.0,2024-11-11 00:00:00
2024-11-11,178.5800018,180.5449982,178.4700012,180.3500061,180.3500061,16167147,2,1,5,0.929543942,7.375,3.5,2.625,1.0,GOOGL,181269.0,2024-11-11 00:00:00
2024-11-11,88.65000153,88.88999939,88.20999908,88.48000336,88.48000336,3945617,5,2,1,0.86990058,7.625,5.25,3.5,0.0,BSX,48000.0,2024-11-11 00:00:00
2024-11-11,586.7600098,587.0,576.5100708,583.1699829,583.1699829,10046291,2,0,6,0.954252146,7.375,3.75,2.75,0.0,META,72404.0,2024-11-11 00:00:00
2024-11-12,342.5799865722656,345.8399963378906,323.3099975585937,328.6400146484375,328.6400146484375,150160914,1,3,4,0.9592904821038246,6.25,3.0,2.875,0.0,TSLA,140473.0,2024-11-12 00:00:00
2024-11-12,224.6300048828125,225.58999633789065,223.35499572753903,224.22999572753903,224.22999572753903,34988619,2,1,5,0.9937637522816658,7.5,4.75,2.75,0.0,AAPL,164000.0,2024-11-12 00:00:00
2024-11-12,2.309999942779541,2.319999933242798,2.119999885559082,2.140000104904175,2.140000104904175,86642403,4,2,2,0.9646258354187012,7.5,5.5,2.5,0.0,LCID,6500.0,2024-11-12 00:00:00
2024-11-12,26.229999542236328,26.440000534057617,25.950000762939453,26.184999465942383,26.184999465942383,44027852,3,1,4,0.9075953513383864,7.0,3.625,3.5,0.0,PFE,88000.0,2024-11-12 00:00:00
2024-11-12,40.5,40.59999847412109,40.07419967651367,40.380001068115234,40.380001068115234,12422639,5,0,3,0.9666203483939172,7.5,7.125,2.0,0.0,VZ,101200.0,2024-11-12 00:00:00
2024-11-12,146.72000122070312,149.6199951171875,146.00999450683594,148.30999755859375,148.30999755859375,187536686,5,1,2,0.9652786776423454,6.5,7.125,1.25,1.0,NVDA,29600.0,2024-11-12 00:00:00
2024-11-12,154.52999877929688,155.0399932861328,152.3699951171875,152.6699981689453,152.6699981689453,4971777,3,0,5,0.8883423283696175,7.125,5.125,2.25,0.0,JNJ,131900.0,2024-11-12 00:00:00
2024-11-12,22.209999084472656,22.290000915527344,21.790000915527344,22.155000686645508,22.155000686645508,30886900,2,1,5,0.9708496630191804,7.0,4.25,3.0,0.0,T,143630.0,2024-11-12 00:00:00
2024-11-12,124.88999938964844,125.27989959716795,122.29499816894533,123.37999725341795,123.37999725341795,2655383,6,1,1,0.9706446304917336,7.375,5.75,2.5,0.0,RTX,185000.0,2024-11-12 00:00:00
2024-11-12,88.23000336,88.81999969482422,87.80000305175781,88.24790192,88.24790192,3533491,5,0,3,0.9747683331370354,7.875,5.125,2.5,1.0,MDT,95000.0,2024-11-12 00:00:00
2024-11-12,179.7100067138672,182.47999572753903,179.38999938964844,181.6199951171875,181.6199951171875,19896597,2,0,6,0.9862703457474707,7.875,4.5,2.0,1.0,GOOGL,181269.0,2024-11-12 00:00:00
2024-11-12,88.62999725341797,89.00499725341797,88.01499938964844,88.72000122070312,88.72000122070312,3774587,5,2,1,0.8845573402941227,7.75,5.875,2.75,1.0,BSX,48000.0,2024-11-12 00:00:00
2024-11-12,587.5449829101562,599.6599731445312,580.4400024414062,584.8200073242188,584.8200073242188,15694632,1,0,7,0.9957300573587418,7.625,3.875,1.25,0.0,META,72404.0,2024-11-12 00:00:00
2024-11-13,335.92498779296875,344.59991455078125,322.5,330.239990234375,330.239990234375,124381385,1,0,7,0.9672316238284112,5.625,2.625,1.75,0.0,TSLA,140473.0,2024-11-13 00:00:00
2024-11-13,224.009994506836,226.6499938964844,222.759994506836,225.1199951171875,225.1199951171875,47686733,4,0,4,0.9050285816192628,6.75,6.125,2.125,1.0,AAPL,164000.0,2024-11-13 00:00:00
2024-11-13,2.180000066757202,2.3299999237060547,2.140000104904175,2.180000066757202,2.180000066757202,83278792,4,2,2,0.9646227061748504,7.5,5.375,2.5,1.0,LCID,6500.0,2024-11-13 00:00:00
2024-11-13,26.229999542236328,26.75,25.979999542236328,26.71999931335449,26.71999931335449,36647810,3,0,5,0.9496019631624222,7.5,6.0,2.0,1.0,PFE,88000.0,2024-11-13 00:00:00
2024-11-13,40.400001525878906,41.39500045776367,40.310001373291016,41.13999938964844,41.13999938964844,15124092,2,1,5,0.9308321550488472,7.25,5.625,1.125,1.0,VZ,101200.0,2024-11-13 00:00:00
2024-11-13,149.0500030517578,149.3300018310547,145.89999389648438,146.27000427246094,146.27000427246094,183582186,3,3,2,0.9172683134675026,7.375,2.75,3.625,0.0,NVDA,29600.0,2024-11-13 00:00:00
2024-11-13,152.5,153.50999450683594,151.4239959716797,153.24000549316406,153.24000549316406,4780264,1,0,7,0.8878415077924728,7.625,3.75,2.25,1.0,JNJ,131900.0,2024-11-13 00:00:00
2024-11-13,22.170000076293945,22.388900756835938,22.059999465942383,22.299999237060547,22.299999237060547,23401863,2,0,6,0.9787327498197556,7.25,3.625,3.5,1.0,T,143630.0,2024-11-13 00:00:00
2024-11-13,123.37999725341795,123.9499969482422,122.95999908447266,123.75,123.75,1831394,6,1,1,0.9714066535234452,7.625,6.0,2.25,1.0,RTX,185000.0,2024-11-13 00:00:00
2024-11-13,87.98999786376953,88.25,87.5,87.97000122070312,87.97000122070312,8338824,4,1,3,0.9663238301873208,7.5,4.0,2.875,0.0,MDT,95000.0,2024-11-13 00:00:00
2024-11-13,180.6000061035156,180.9600067138672,178.55999755859375,178.8800048828125,178.8800048828125,23074782,2,1,5,0.9663494974374772,7.75,5.375,2.0,0.0,GOOGL,181269.0,2024-11-13 00:00:00
2024-11-13,88.75,89.30000305175781,88.66000366210938,88.7699966430664,88.7699966430664,2757090,7,0,1,0.9994835928082466,7.125,6.125,2.75,1.0,BSX,48000.0,2024-11-13 00:00:00
2024-11-13,582.5599975585938,585.6400146484375,575.1799926757812,580.0,580.0,10038132,1,0,7,0.9781106859445572,7.875,3.75,2.875,0.0,META,72404.0,2024-11-13 00:00:00
2024-11-14,327.6650085449219,329.9800109863281,310.3699951171875,311.17999267578125,311.17999267578125,118633828,2,0,6,0.929036259651184,6.5,2.75,1.875,0.0,TSLA,140473.0,2024-11-14 00:00:00
2024-11-14,225.07000732421875,228.8699951171875,225.0500030517578,228.22000122070312,228.22000122070312,43401721,3,0,5,0.939148485660553,6.0,5.875,1.75,1.0,AAPL,164000.0,2024-11-14 00:00:00
2024-11-14,2.200000047683716,2.220000028610229,2.069999933242798,2.0799999237060547,2.0799999237060547,68746748,4,2,2,0.9646227061748504,7.125,5.375,2.625,0.0,LCID,6500.0,2024-11-14 00:00:00
2024-11-14,26.739999771118164,26.850000381469727,25.84000015258789,26.020000457763672,26.020000457763672,38820447,4,0,4,0.9058922603726388,7.25,6.25,2.5,0.0,PFE,88000.0,2024-11-14 00:00:00
2024-11-14,41.13999938964844,41.250099182128906,40.86000061035156,40.869998931884766,40.869998931884766,10409189,2,1,5,0.9594365656375884,7.5,4.875,1.25,0.0,VZ,101200.0,2024-11-14 00:00:00
2024-11-14,147.63980102539062,148.91000366210938,145.5500030517578,146.75999450683594,146.75999450683594,193322475,2,3,3,0.8886591196060181,7.5,3.25,3.375,0.0,NVDA,29600.0,2024-11-14 00:00:00
2024-11-14,153.17999267578125,153.591796875,150.75999450683594,151.8699951171875,151.8699951171875,7706540,2,0,6,0.9472334906458856,7.25,2.75,3.25,0.0,JNJ,131900.0,2024-11-14 00:00:00
2024-11-14,22.299999237060547,22.459999084472656,22.21999931335449,22.25,22.25,16900665,2,0,6,0.9221521392464638,7.875,4.5,3.0,0.0,T,143630.0,2024-11-14 00:00:00
2024-11-14,123.1999969482422,123.5,117.55999755859376,118.91999816894533,118.91999816894533,5019341,6,1,1,0.968667633831501,7.25,5.5,2.625,0.0,RTX,185000.0,2024-11-14 00:00:00
2024-11-14,87.69999694824219,88.13500213623047,85.9000015258789,86.0,86.0,7953075,4,1,3,0.9699357748031616,7.25,3.375,3.125,0.0,MDT,95000.0,2024-11-14 00:00:00
2024-11-14,178.24000549316406,178.8000030517578,174.32200622558594,175.5800018310547,175.5800018310547,30973235,2,0,6,0.958643727004528,7.75,4.875,2.25,0.0,GOOGL,181269.0,2024-11-14 00:00:00
2024-11-14,88.6500015258789,89.08000183105469,87.4800033569336,87.58999633789062,87.58999633789062,5053824,7,1,0,0.999426119029522,7.0,5.75,2.625,0.0,BSX,48000.0,2024-11-14 00:00:00
2024-11-14,577.0,580.760009765625,573.010009765625,577.1599731445312,577.1599731445312,10556017,1,0,7,0.9779968708753586,8.0,4.375,2.75,1.0,META,72404.0,2024-11-14 00:00:00
2024-11-15,310.8550109863281,324.6799011230469,309.2200012207031,320.7200012207031,320.7200012207031,113671090,4,0,4,0.9550879523158072,6.625,5.125,3.25,1.0,TSLA,140473.0,2024-11-15 00:00:00
2024-11-15,225.9199981689453,226.9199981689453,224.2700042724609,225.0,225.0,46862701,2,1,5,0.991967149078846,6.125,2.75,5.25,0.0,AAPL,164000.0,2024-11-15 00:00:00
2024-11-19,226.7949981689453,230.1600036621093,226.6600036621093,228.88999938964844,228.88999938964844,19175796,4,1,3,0.9323277473449708,,,,1.0,AAPL,164000.0,2024-11-19 00:00:00
2024-11-19,2.095000028610229,2.150000095367432,2.059999942779541,2.0999999046325684,2.0999999046325684,55307499,4,2,2,0.9615494832396508,,,,1.0,LCID,6500.0,2024-11-19 00:00:00
2024-11-19,42.209999084472656,42.209999084472656,41.79999923706055,41.90499877929688,41.90499877929688,6245193,4,0,4,0.9260229617357254,,,,0.0,VZ,101200.0,2024-11-19 00:00:00
2024-11-19,141.3249969482422,146.97000122070312,140.99000549316406,146.6497039794922,146.6497039794922,174287728,3,1,4,0.9368048347532748,,,,1.0,NVDA,29600.0,2024-11-19 00:00:00
2024-11-19,153.94500732421875,153.99000549316406,152.0500030517578,152.5500030517578,152.5500030517578,4213933,4,0,4,0.9461868405342102,,,,0.0,JNJ,131900.0,2024-11-19 00:00:00
2024-11-19,22.8799991607666,22.920000076293945,22.68000030517578,22.7549991607666,22.7549991607666,14731665,5,0,3,0.9421109557151794,,,,0.0,T,143630.0,2024-11-19 00:00:00
2024-11-19,121.23999786376952,121.33000183105467,118.5,118.72000122070312,118.72000122070312,2693454,6,0,2,0.9581162929534912,,,,0.0,RTX,185000.0,2024-11-19 00:00:00
2024-11-19,86.0,86.47989654541016,84.5,85.1500015258789,85.1500015258789,6516438,5,1,2,0.8998789861798286,,,,0.0,MDT,95000.0,2024-11-19 00:00:00
2024-11-19,173.72000122070312,178.39999389648438,173.55999755859375,178.14500427246094,178.14500427246094,16480693,2,0,6,0.988350585103035,,,,1.0,GOOGL,181269.0,2024-11-19 00:00:00
2024-11-19,90.02999877929688,90.74500274658205,89.37999725341797,90.23999786376952,90.23999786376952,3435242,6,0,2,0.9824980273842812,,,,1.0,BSX,48000.0,2024-11-19 00:00:00
2024-11-19,552.0,559.0900268554688,550.60009765625,559.0256958007812,559.0256958007812,6085542,2,0,6,0.991860568523407,,,,1.0,META,72404.0,2024-11-19 00:00:00
2024-11-21,2.0299999713897705,2.130000114440918,2.0,2.059999942779541,2.059999942779541,62359603,5,2,1,0.9646261632442474,4.75,5.625,4.125,1.0,LCID,6500.0,
2024-11-21,24.8700008392334,25.21500015258789,24.77499961853028,25.1299991607666,25.1299991607666,44697622,3,1,4,0.9163375943899156,4.0,6.375,3.25,1.0,PFE,88000.0,
2024-11-21,42.220001220703125,42.744998931884766,42.005001068115234,42.5,42.5,10333932,4,0,4,0.9260229617357254,3.5,6.625,2.5,1.0,VZ,101200.0,
2024-11-21,149.31500244140625,152.88999938964844,140.6999969482422,146.6699981689453,146.6699981689453,397611206,2,1,5,0.9699426367878914,4.875,5.875,2.875,0.0,NVDA,29600.0,
2024-11-21,153.6199951171875,156.0500030517578,152.85000610351562,155.5,155.5,9482165,4,0,4,0.9461868405342102,3.875,7.25,2.5,1.0,JNJ,131900.0,
2024-11-21,22.799999237060547,23.14999961853028,22.729999542236328,22.979999542236328,22.979999542236328,23068328,5,0,3,0.9421109557151794,4.375,6.125,4.0,1.0,T,143630.0,
2024-11-21,119.5999984741211,120.87999725341795,118.86000061035156,120.52999877929688,120.52999877929688,2225252,6,0,2,0.9581162929534912,3.25,6.625,3.0,1.0,RTX,185000.0,
2024-11-21,84.19999694824219,85.12999725341797,83.91999816894531,84.73999786376953,84.73999786376953,5699495,5,1,2,0.8998789861798286,5.0,5.75,3.375,1.0,MDT,95000.0,
2024-11-21,173.99000549316406,174.07000732421875,163.7050018310547,167.6300048828125,167.6300048828125,59519470,2,0,6,0.988396018743515,4.0,5.0,2.875,0.0,GOOGL,181269.0,
2024-11-21,90.6500015258789,91.72000122070312,90.2300033569336,91.5,91.5,4195061,5,0,3,0.995638743042946,2.75,6.75,1.5,1.0,BSX,48000.0,
2024-11-21,569.3599853515625,570.0,549.0499877929688,563.0900268554688,563.0900268554688,10869427,2,0,6,0.9918525815010072,4.5,5.375,4.125,0.0,META,72404.0,
2024-11-21,343.99969482421875,347.9898986816406,335.2799987792969,339.6400146484375,339.6400146484375,57631341,3,1,4,0.9165941774845124,4.375,5.75,3.125,0.0,TSLA,140473.0,
2024-11-21,228.7899932861328,230.1499938964844,225.71029663085932,228.5200042724609,228.5200042724609,40355157,4,1,3,0.9323277473449708,5.0,5.375,4.625,0.0,AAPL,164000.0,
2024-11-21,134.17999267578125,134.9499969482422,132.5800018310547,133.25999450683594,133.25999450683594,4059806,3,0,5,0.9001478850841522,4.75,6.0,3.5,0.0,ABNB,6907.0,
2024-11-21,203.08999633789065,203.13400268554688,195.75,198.3800048828125,198.3800048828125,58318367,4,1,3,0.8700442463159561,3.5,5.25,3.875,0.0,AMZN,1551000.0,
2024-11-21,419.5,419.7799987792969,410.2886962890625,412.8699951171875,412.8699951171875,20476279,3,1,4,0.8764951750636101,3.125,5.375,4.125,0.0,MSFT,228000.0,
2024-11-21,307.29998779296875,310.9100036621094,306.760009765625,309.8999938964844,309.8999938964844,4439654,3,0,5,0.914547584950924,3.0,4.75,1.125,1.0,V,,
2024-11-21,87.44999694824219,88.63999938964844,86.93000030517578,88.38999938964844,88.38999938964844,15550765,1,2,5,0.9295330718159676,4.125,3.0,2.5,1.0,WMT,,
2024-11-21,85.16999816894531,85.48999786376953,84.20999908447266,84.81999969482422,84.81999969482422,7228962,1,1,6,0.9751614928245544,1.75,0.875,1.25,0.0,PYPL,,
2024-11-21,513.22998046875,520.1199951171875,511.5799865722656,515.0999755859375,515.0999755859375,3077314,0,0,3,0.8962521950403849,5.333333333333333,3.6666666666666665,5.333333333333333,1.0,MA,,
2024-11-21,114.1500015258789,116.25,113.83429718017578,114.72000122070312,114.72000122070312,8495258,4,1,3,0.944153554737568,4.5,6.75,1.75,1.0,DIS,,
2024-11-21,883.1599731445312,908.0,877.239990234375,897.47998046875,897.47998046875,4503804,3,1,4,0.9840148463845252,1.625,3.875,2.0,1.0,NFLX,,
2024-11-21,138.69000244140625,140.2799072265625,134.92999267578125,137.49000549316406,137.49000549316406,28507311,2,1,5,0.93097872287035,4.25,5.5,2.875,0.0,AMD,,
2024-11-21,659.780029296875,681.5894165039062,656.75,678.7000122070312,678.7000122070312,2190094,2,0,6,0.9786374866962432,2.0,2.5,1.125,1.0,INTU,,
2024-11-21,586.510009765625,600.7000122070312,584.6300048828125,596.1099853515625,596.1099853515625,1799197,2,0,6,0.984924279153347,3.0,4.375,2.375,1.0,GS,,
2024-11-21,133.1999969482422,135.5749969482422,133.13999938964844,134.99000549316406,134.99000549316406,5546864,0,0,8,0.9623051434755324,4.0,5.125,1.5,1.0,MS,,
2024-11-21,63.150001525878906,63.810001373291016,62.95000076293945,63.7599983215332,63.7599983215332,17073342,3,0,5,0.9307461231946944,2.25,4.0,1.25,1.0,KO,,
2024-11-21,121.08000183105467,122.55470275878906,120.2699966430664,121.93000030517578,121.93000030517578,11087814,2,0,6,0.9839577227830888,5.0,5.0,2.125,1.0,XOM,,
2024-11-21,215.8099975585937,222.6199951171875,215.2700958251953,222.3999938964844,222.3999938964844,5233810,1,0,7,0.9951912611722946,5.0,5.25,2.75,1.0,IBM,,
2024-11-21,593.4000244140625,595.1099853515625,587.4600219726562,593.6699829101562,593.6699829101562,46199712,4,1,3,0.9523357450962068,3.75,3.5,2.75,1.0,SPY,,
2024-11-21,162.02000427246094,162.64999389648438,161.2899932861328,161.6300048828125,161.6300048828125,6330145,3,0,5,0.9328204244375228,3.5,3.75,2.0,0.0,CVX,,
2024-11-21,600.0,603.9550170898438,596.7949829101562,597.489990234375,597.489990234375,2135667,3,2,3,0.9221818521618844,3.375,3.25,2.625,0.0,UNH,,
2024-11-21,158.38999938964844,160.5,157.9499969482422,160.33999633789062,160.33999633789062,5657696,3,1,4,0.8960322961211205,2.375,4.5,0.875,1.0,PEP,,
2024-11-21,401.3299865722656,411.3900146484375,400.3800048828125,410.4500122070313,410.4500122070313,2804141,1,2,5,0.9864816516637802,3.0,2.375,3.0,1.0,HD,,
2024-11-21,73.36000061035156,75.55500030517578,73.19999694824219,75.0999984741211,75.0999984741211,12803292,1,1,6,0.9792218953371048,2.125,0.75,2.0,1.0,NKE,,
2024-11-21,285.0,288.6000061035156,283.4599914550781,288.4700012207031,288.4700012207031,3849287,3,0,5,0.8623163923621178,5.625,4.875,3.375,1.0,MCD,,
2024-11-21,57.290000915527344,57.93000030517578,57.09999847412109,57.560001373291016,57.560001373291016,16085371,2,0,6,0.947672463953495,4.875,4.875,2.125,1.0,CSCO,,
2024-11-21,86.9800033569336,87.03949737548828,85.44499969482422,85.58000183105469,85.58000183105469,14957693,4,1,3,0.9315441772341728,3.375,4.5,2.875,0.0,BABA,,
2024-11-21,146.38999938964844,146.4199981689453,141.33999633789062,143.41000366210938,143.41000366210938,7096873,0,2,6,0.962436892092228,4.5,4.25,2.0,0.0,BA,,
2024-11-21,234.07000732421875,239.92999267578125,233.6699981689453,239.0200042724609,239.0200042724609,3490699,4,1,3,0.9303372576832772,3.0,4.5,2.5,1.0,UNP,,
2024-11-21,383.9200134277344,392.0199890136719,379.0350036621094,389.5899963378906,389.5899963378906,1443560,3,0,5,0.9944402724504472,5.25,4.0,4.0,1.0,CAT,,
2024-11-21,178.41000366210938,180.9250030517578,177.33999633789062,178.6999969482422,178.6999969482422,4208357,1,0,7,0.9753506258130074,1.625,1.125,0.625,1.0,GE,,
2024-11-21,191.94000244140625,196.0399932861328,191.64010620117188,192.42999267578125,192.42999267578125,11391546,1,0,7,0.9422616362571716,1.75,2.625,0.875,1.0,ORCL,,
2024-11-21,288.1499938964844,291.1099853515625,284.1434936523437,289.8999938964844,289.8999938964844,3548979,3,0,5,0.9779600650072098,3.625,3.75,2.25,1.0,AMGN,,
2024-11-21,535.1400146484375,544.6799926757812,533.7150268554688,542.010009765625,542.010009765625,1321481,5,0,3,0.9572909623384476,3.125,6.625,1.0,1.0,LMT,,
2024-11-21,114.2699966430664,115.37000274658205,111.5,111.9000015258789,111.9000015258789,9514377,4,0,4,0.9913553446531296,3.75,4.875,2.625,0.0,COP,,
2024-11-21,198.25,200.42999267578125,195.92999267578125,198.1999969482422,198.1999969482422,8028795,3,1,4,0.8957440331578255,6.5,3.5,5.0,0.0,TXN,,
2024-11-21,78.97000122070312,81.6500015258789,78.9000015258789,81.19999694824219,81.19999694824219,3955320,5,0,3,0.954633466899395,5.75,5.5,2.625,1.0,ZM,,
2024-11-21,90.73500061035156,93.95999908447266,89.6240005493164,92.6999969482422,92.6999969482422,12907000,4,0,4,0.9017433151602744,3.125,5.125,2.25,1.0,SQ,,
2024-11-21,87.8499984741211,88.38999938964844,87.37000274658203,88.13999938964844,88.13999938964844,5635629,2,1,5,0.9822162836790084,5.25,4.875,2.75,1.0,SO,,
2024-11-21,289.82000732421875,294.07000732421875,287.5299987792969,293.0,293.0,1918524,2,0,6,0.956511192023754,2.25,3.5,2.0,1.0,AXP,,
2024-11-21,233.9199981689453,235.17999267578125,230.3950042724609,235.0500030517578,235.0500030517578,2535558,3,0,5,0.987607568502426,4.625,3.25,4.125,1.0,DHR,,
2024-11-21,932.9910278320312,958.4899291992188,930.3726806640624,955.6500244140624,955.6500244140624,2304264,0,0,8,0.9206587076187134,0.875,0.625,0.75,1.0,COST,,
2024-11-21,412.75,442.0499877929688,410.9592895507813,437.5400085449219,437.5400085449219,3689383,2,0,6,0.8700940981507301,4.5,2.75,3.5,1.0,DE,,
2024-11-21,264.0599975585937,265.69000244140625,262.260009765625,265.2200012207031,265.2200012207031,1844813,1,1,6,0.972039595246315,3.375,2.375,4.0,1.0,LOW,,
2024-11-21,30.799999237060547,31.14999961853028,30.700000762939453,31.09000015258789,31.09000015258789,13549024,1,3,4,0.9499995037913322,3.125,3.125,3.75,1.0,KHC,,
2024-11-21,82.67500305175781,82.69000244140625,80.2300033569336,81.62999725341797,81.62999725341797,8338056,3,3,2,0.9718320071697236,3.875,3.375,3.25,0.0,BIDU,,
2024-11-21,514.1199951171875,516.219970703125,507.7200012207031,516.0999755859375,516.0999755859375,1575356,4,1,3,0.9731419011950492,4.375,6.75,2.125,1.0,TMO,,
2024-11-21,95.0,95.98999786376952,93.70999908447266,94.4000015258789,94.4000015258789,6117324,5,1,2,0.9677570089697838,1.25,5.25,1.25,0.0,UAL,,
2024-11-21,73.93499755859375,76.04000091552734,73.93499755859375,74.83000183105469,74.83000183105469,19880953,3,0,5,0.9408190697431564,3.25,4.5,2.0,1.0,WFC,,
2024-11-21,94.1500015258789,94.91999816894533,93.3000030517578,94.25,94.25,3642634,2,0,6,0.9634268060326576,5.0,5.875,3.25,1.0,CL,,
2024-11-21,131.77000427246094,132.5500030517578,131.00999450683594,131.3699951171875,131.3699951171875,2141297,4,0,4,0.9288052842020988,3.25,3.875,2.0,0.0,UPS,,
2024-11-21,130.5,132.1199951171875,130.4499969482422,131.2100067138672,131.2100067138672,2658382,4,0,4,0.9759321585297585,3.125,5.125,2.375,1.0,PM,,
2024-11-21,51.68999862670898,52.07500076293945,51.4900016784668,52.02000045776367,52.02000045776367,2210041,0,0,8,0.8962380290031433,4.25,4.0,3.5,1.0,BHP,,
2024-11-21,189.41000366210932,192.3000030517578,186.7400054931641,191.2400054931641,191.2400054931641,18113972,0,3,5,0.8582022488117218,4.75,4.5,3.125,1.0,TSM,,
2024-11-21,68.80000305175781,69.46499633789062,68.41999816894531,68.94999694824219,68.94999694824219,9585739,4,0,4,0.939582608640194,5.75,5.125,3.625,1.0,C,,
2024-11-21,155.0,156.94000244140625,153.58999633789062,155.4600067138672,155.4600067138672,10677966,2,1,5,0.9546028077602386,4.0,4.375,2.5,1.0,QCOM,,
2024-11-21,24.07999992370605,24.770000457763672,23.82999992370605,24.440000534057617,24.440000534057617,53800566,0,1,7,0.9330312758684158,3.5,3.5,2.625,1.0,INTC,,
2024-11-21,43.84999847412109,44.54499816894531,43.63999938964844,44.060001373291016,44.060001373291016,9845766,6,0,2,0.9862928465008736,5.625,5.5,4.25,1.0,SLB,,
2024-11-21,142.0800018310547,142.98500061035156,140.72000122070312,141.11000061035156,141.11000061035156,1599843,4,1,3,0.990180402994156,5.75,5.0,3.875,0.0,VLO,,
2024-11-21,34.70000076293945,35.36000061035156,34.599998474121094,35.34000015258789,35.34000015258789,9350999,3,1,4,0.9512274265289308,4.625,5.625,2.5,1.0,CSX,,
2024-11-21,200.32000732421875,203.509994506836,198.7100067138672,202.8099975585937,202.8099975585937,1358240,2,1,5,0.9350401014089584,5.125,4.875,2.375,1.0,AMT,,
2024-11-21,114.12999725341795,115.02999877929688,113.1500015258789,114.86000061035156,114.86000061035156,3095134,2,0,6,0.9238828867673874,2.875,7.625,0.875,1.0,DUK,,
2024-11-21,259.010009765625,264.7200012207031,258.1499938964844,264.260009765625,264.260009765625,1198939,5,0,3,0.997542142868042,5.75,6.0,2.75,1.0,NSC,,
2024-11-22,241.16000366210932,242.10499572753903,238.6199951171875,238.7700042724609,238.7700042724609,275831,5,1,2,0.9765889644622804,4.375,4.5,3.75,0.0,STZ,,
2024-11-22,757.0499877929688,761.2799072265625,747.77001953125,750.409912109375,750.409912109375,992657,1,3,4,0.916220299899578,4.875,5.75,4.0,0.0,LLY,,
2024-11-22,28.540000915527344,28.809999465942383,28.540000915527344,28.674999237060547,28.674999237060547,1477285,7,0,1,0.968359924852848,4.625,6.5,2.375,1.0,KMI,,
2024-11-22,384.6600036621094,388.0700073242188,383.1499938964844,384.7300109863281,384.7300109863281,97122,2,0,6,0.9443542957305908,5.875,6.0,2.875,1.0,CHTR,,
2024-11-22,174.14500427246094,176.49000549316406,173.8800048828125,176.24000549316406,176.24000549316406,2224196,4,1,3,0.9008305072784424,5.75,5.5,2.875,1.0,PG,,
2024-11-22,31.86000061035156,32.119998931884766,31.700000762939453,31.88999938964844,31.88999938964844,706368,2,1,5,0.9831737726926804,4.625,5.25,4.75,1.0,LUV,,
2024-11-22,10.8100004196167,11.09000015258789,10.800000190734863,11.085000038146973,11.085000038146973,14844083,1,4,3,0.9780201837420464,4.0,3.625,6.0,1.0,F,,
2024-11-22,264.2200012207031,265.8004150390625,263.2300109863281,264.5799865722656,264.5799865722656,276142,6,0,2,0.996770679950714,4.625,7.75,1.625,1.0,PGR,,
2024-11-22,121.6999969482422,125.75,121.26000213623048,124.86109924316406,124.86109924316406,5088244,2,5,1,0.9175766706466676,4.625,4.5,5.5,1.0,TGT,,
2024-11-22,477.9299926757813,483.2275085449219,477.6600036621094,481.3299865722656,481.3299865722656,65144,4,0,4,0.9480559900403024,4.5,6.25,2.125,1.0,MCO,,
2024-11-22,126.26000213623048,128.3000030517578,126.26000213623048,128.16000366210938,128.16000366210938,127356,4,0,4,0.983649455010891,4.125,6.625,1.5,1.0,PRU,,
2024-11-22,114.31999969482422,115.05500030517578,113.95999908447266,115.05500030517578,115.05500030517578,442742,5,0,3,0.9671564921736716,5.25,5.75,2.875,1.0,PLD,,
2024-11-22,75.80000305175781,76.83499908447266,75.62999725341797,76.40989685058594,76.40989685058594,497074,2,0,6,0.9034063443541528,6.25,5.25,2.125,1.0,AIG,,
2024-11-22,183.0749969482422,183.9600067138672,181.7400054931641,182.3800048828125,182.3800048828125,161800,5,0,3,0.9502152875065804,4.625,7.0,1.375,0.0,SPG,,
2024-11-22,44.7599983215332,45.36000061035156,44.65999984741211,45.345001220703125,45.345001220703125,956075,4,0,4,0.9391200765967368,4.625,5.75,3.875,1.0,DOW,,
2024-11-22,100.0,101.29000091552734,99.7699966430664,101.07990264892578,101.07990264892578,1208591,1,3,4,0.9641880244016648,5.375,4.0,5.625,1.0,SBUX,,
2024-11-22,2.069999933242798,2.150000095367432,2.059999942779541,2.0999999046325684,2.0999999046325684,40724086,4,1,3,0.9624325633049012,4.25,4.625,5.625,1.0,LCID,,
2024-11-22,25.18000030517578,25.75,25.099000930786133,25.64999961853028,25.64999961853028,41844915,5,1,2,0.935501292347908,3.5,6.25,3.875,1.0,PFE,,
2024-11-22,42.59999847412109,43.334999084472656,42.334999084472656,43.150001525878906,43.150001525878906,12996605,4,0,4,0.985417328774929,5.5,6.125,2.0,1.0,VZ,,
2024-11-22,145.91000366210938,147.16000366210938,141.10000610351562,141.9499969482422,141.9499969482422,233965631,4,0,4,0.976121760904789,4.125,6.875,2.125,0.0,NVDA,,
2024-11-22,155.89999389648438,157.11500549316406,154.11000061035156,155.1699981689453,155.1699981689453,5561152,3,0,5,0.8645071387290955,3.625,6.75,3.25,0.0,JNJ,,
2024-11-22,23.049999237060547,23.290000915527344,22.934999465942383,23.18000030517578,23.18000030517578,27739291,3,0,5,0.9948583617806436,5.0,3.875,6.125,1.0,T,,
2024-11-22,120.72000122070312,121.83999633789062,120.5,120.7699966430664,120.7699966430664,3540389,5,0,3,0.9551431760191916,4.25,6.5,3.25,1.0,RTX,,
2024-11-22,84.79000091552734,86.30000305175781,84.6238021850586,86.20999908447266,86.20999908447266,5397649,4,0,4,0.9461861550807952,3.5,8.0,1.25,1.0,MDT,,
2024-11-22,165.44000244140625,166.4600067138672,163.89999389648438,164.75999450683594,164.75999450683594,38528278,3,0,5,0.9924331679940224,4.75,6.25,2.625,0.0,GOOGL,,
2024-11-22,91.79000091552734,91.93000030517578,89.0199966430664,90.0,90.0,4015774,6,0,2,0.9999164640903472,3.75,7.0,2.5,0.0,BSX,,
2024-11-22,563.8272705078125,563.8272705078125,554.5900268554688,559.1400146484375,559.1400146484375,9044809,3,0,5,0.924357421696186,4.0,6.25,2.625,0.0,META,,
2024-11-22,341.0849914550781,356.639892578125,337.70001220703125,352.5599975585937,352.5599975585937,88407251,2,1,5,0.9323574081063272,4.5,3.75,4.375,1.0,TSLA,,
2024-11-22,228.0599975585937,230.7198944091797,228.0599975585937,229.8699951171875,229.8699951171875,36963884,5,0,3,0.9944763034582138,3.875,7.125,2.875,1.0,AAPL,,
2024-11-22,133.3000030517578,140.75999450683594,133.3000030517578,137.33999633789062,137.33999633789062,6299389,4,1,3,0.9377446621656418,5.5,5.25,2.75,1.0,ABNB,,
2024-11-22,198.19500732421875,199.2599029541016,196.75,197.1199951171875,197.1199951171875,31424971,5,0,3,0.9945731610059738,3.625,7.5,2.25,0.0,AMZN,,
2024-11-22,411.364990234375,417.3999938964844,411.05999755859375,417.0,417.0,23974802,5,0,3,0.9363935068249702,3.625,7.375,2.125,1.0,MSFT,,
2024-11-22,307.9700012207031,311.5899963378906,307.9700012207031,309.9200134277344,309.9200134277344,5918753,5,0,3,0.922709234058857,3.25,7.25,1.25,1.0,V,,
2024-11-22,89.41000366210938,90.91000366210938,88.93000030517578,90.44000244140624,90.44000244140624,23966747,3,1,4,0.9695196524262428,4.875,6.375,3.5,1.0,WMT,,
2024-11-22,84.63999938964844,86.80000305175781,84.61000061035156,86.7699966430664,86.7699966430664,6602212,3,2,3,0.9783728718757628,5.375,5.25,3.875,1.0,PYPL,,
2024-11-22,516.9299926757812,521.7050170898438,516.1799926757812,520.8599853515625,520.8599853515625,2020313,0,0,3,0.8962521950403849,6.0,3.6666666666666665,5.333333333333333,1.0,MA,,
2024-11-22,113.8499984741211,116.33000183105467,113.5999984741211,115.6500015258789,115.6500015258789,7718306,2,2,4,0.9592398554086684,5.25,6.625,3.0,1.0,DIS,,
2024-11-22,895.5499877929688,906.0,893.0,897.7899780273438,897.7899780273438,2959049,5,0,3,0.981532596051693,3.0,7.625,2.0,1.0,NFLX,,
2024-11-22,137.33999633789062,139.1300048828125,137.0399932861328,138.35000610351562,138.35000610351562,20783494,2,0,6,0.9728641360998154,4.375,6.0,2.625,1.0,AMD,,
2024-11-22,668.1799926757812,675.0,639.1500244140625,640.1199951171875,640.1199951171875,3292476,6,2,0,0.9954661428928376,6.125,5.375,5.25,0.0,INTU,,
2024-11-22,596.219970703125,603.9400024414062,594.6500244140625,602.780029296875,602.780029296875,1733650,2,3,3,0.9903676882386208,3.75,3.125,6.25,1.0,GS,,
2024-11-22,134.67999267578125,135.66000366210938,133.9600067138672,134.69000244140625,134.69000244140625,6107987,3,0,5,0.9536442533135414,5.625,5.875,1.5,1.0,MS,,
2024-11-22,64.23999786376953,64.4800033569336,63.650001525878906,63.91999816894531,63.91999816894531,19532143,4,0,4,0.9402523785829544,4.125,6.875,3.125,0.0,KO,,
2024-11-22,121.81999969482422,123.1999969482422,121.6449966430664,121.79000091552734,121.79000091552734,9049728,3,0,5,0.9539914056658744,4.875,4.75,3.75,0.0,XOM,,
2024-11-22,223.3500061035156,227.17999267578125,220.8999938964844,222.97000122070312,222.97000122070312,4181154,3,0,5,0.951214924454689,3.5,5.5,3.125,0.0,IBM,,
2024-11-22,593.6599731445312,596.1500244140625,593.1525268554688,595.510009765625,595.510009765625,31458755,6,0,2,0.9755020439624786,4.875,6.0,2.375,1.0,SPY,,
2024-11-22,161.50999450683594,162.61000061035156,161.14999389648438,162.36000061035156,162.36000061035156,4776137,6,0,2,0.907908208668232,4.0,7.0,2.875,1.0,CVX,,
2024-11-22,598.5599975585938,601.1649780273438,588.6749877929688,590.8699951171875,590.8699951171875,2184430,5,2,1,0.8885158449411392,3.75,6.0,4.125,0.0,UNH,,
2024-11-22,161.0,162.05999755859375,159.89999389648438,162.0,162.0,5326734,4,0,4,0.928893819451332,3.75,7.0,2.625,1.0,PEP,,
2024-11-22,412.0899963378906,420.1099853515625,410.9500122070313,420.0,420.0,2973291,4,1,3,0.9931547790765762,4.125,6.0,3.375,1.0,HD,,
2024-11-22,76.125,77.5,75.8311996459961,77.4000015258789,77.4000015258789,10822856,5,1,2,0.9918769299983978,2.875,6.875,2.25,1.0,NKE,,
2024-11-22,288.4700012207031,290.6000061035156,288.2650146484375,290.2799987792969,290.2799987792969,1719037,2,0,6,0.9270149022340776,4.75,5.875,2.375,1.0,MCD,,
2024-11-22,57.59000015258789,58.70000076293945,57.45500183105469,58.54999923706055,58.54999923706055,14249670,3,0,5,0.9321908131241798,5.75,5.0,2.375,1.0,CSCO,,
2024-11-22,83.5999984741211,83.68000030517578,82.63500213623047,83.12999725341797,83.12999725341797,24800164,3,0,5,0.9675518944859504,5.625,6.5,3.375,0.0,BABA,,
2024-11-22,143.61000061035156,150.33900451660156,143.49000549316406,149.2899932861328,149.2899932861328,13327310,3,1,4,0.9541145861148834,4.75,4.625,5.375,1.0,BA,,
2024-11-22,240.0,242.6699981689453,239.5399932861328,242.38999938964844,242.38999938964844,2664839,5,2,1,0.9367535933852196,4.25,5.5,3.75,1.0,UNP,,
2024-11-22,390.3599853515625,398.1600036621094,387.8900146484375,397.489990234375,397.489990234375,1892634,3,0,5,0.995409369468689,5.875,5.0,4.625,1.0,CAT,,
2024-11-22,179.3000030517578,181.7400054931641,178.9199981689453,181.1499938964844,181.1499938964844,2138427,5,1,2,0.976769357919693,4.875,6.125,2.375,1.0,GE,,
2024-11-22,193.0,194.1999969482422,191.0599975585937,192.2899932861328,192.2899932861328,6876642,5,0,3,0.962409146130085,4.0,6.625,1.375,0.0,ORCL,,
2024-11-22,290.8399963378906,295.4800109863281,288.7799987792969,294.5299987792969,294.5299987792969,3053100,3,1,4,0.9835099577903748,4.25,6.125,3.375,1.0,AMGN,,
2024-11-22,545.0,545.8099975585938,539.9199829101562,542.219970703125,542.219970703125,1145025,5,0,3,0.9613444805145264,3.5,6.625,2.25,0.0,LMT,,
2024-11-22,112.16999816894533,112.72989654541016,111.12999725341795,111.75,111.75,7513193,4,0,4,0.9971783608198166,5.5,7.0,2.0,0.0,COP,,
2024-11-22,197.7700042724609,198.91000366210932,196.5800018310547,198.0,198.0,7653171,4,1,3,0.8957335129380226,6.25,4.625,4.125,1.0,TXN,,
2024-11-22,81.51000213623047,86.0,81.5,85.87999725341797,85.87999725341797,5584028,6,0,2,0.9487562403082848,5.5,5.875,2.0,1.0,ZM,,
2024-11-22,92.61000061035156,94.10970306396484,91.8144989013672,92.26000213623048,92.26000213623048,8054872,6,0,2,0.914330318570137,3.625,6.375,2.75,0.0,SQ,,
2024-11-22,88.55000305175781,88.6050033569336,87.58000183105469,87.5999984741211,87.5999984741211,3439960,3,1,4,0.9855033531785012,4.0,7.125,2.0,0.0,SO,,
2024-11-22,293.3999938964844,301.9200134277344,292.510009765625,301.29998779296875,301.29998779296875,2739454,3,1,4,0.9640042036771774,4.625,6.625,3.0,1.0,AXP,,
2024-11-22,234.4900054931641,236.83999633789065,234.7250061035156,235.83999633789065,235.83999633789065,2329993,5,0,3,0.9957692176103592,5.75,5.375,4.375,1.0,DHR,,
2024-11-22,962.739990234375,976.2999877929688,958.5200805664062,964.010009765625,964.010009765625,2056302,3,1,4,0.8983702436089516,4.125,7.0,3.125,1.0,COST,,
2024-11-22,435.9299926757813,447.5,432.2099914550781,446.6499938964844,446.6499938964844,2202019,3,1,4,0.8510224223136902,5.625,4.5,4.25,1.0,DE,,
2024-11-22,266.1099853515625,266.8999938964844,262.92999267578125,264.67999267578125,264.67999267578125,2410825,3,2,3,0.991794005036354,4.25,4.875,3.75,0.0,LOW,,
2024-11-22,31.15999984741211,31.834999084472656,31.049999237060547,31.809999465942383,31.809999465942383,12392030,2,2,4,0.9377214759588242,3.875,5.375,3.75,1.0,KHC,,
2024-11-22,79.4000015258789,80.43000030517578,78.98500061035156,80.33000183105469,80.33000183105469,5523304,3,4,1,0.996258556842804,4.75,4.125,5.375,1.0,BIDU,,
2024-11-22,514.6199951171875,516.7899780273438,507.1700134277344,513.260009765625,513.260009765625,1611356,4,2,2,0.9814866408705712,4.25,6.375,3.625,0.0,TMO,,
2024-11-22,93.98999786376952,95.54000091552734,92.08000183105467,95.23999786376952,95.23999786376952,6427525,5,2,1,0.9709628447890282,2.75,6.25,3.125,1.0,UAL,,
2024-11-22,74.56500244140625,76.08000183105469,74.55999755859375,75.95999908447266,75.95999908447266,10143268,4,0,4,0.9609405174851418,3.625,6.125,2.75,1.0,WFC,,
2024-11-22,94.98999786376952,95.4250030517578,94.48999786376952,94.91999816894533,94.91999816894533,3538813,3,0,5,0.992382913827896,4.625,6.375,3.0,0.0,CL,,
2024-11-22,131.67999267578125,135.08999633789062,131.67999267578125,134.82000732421875,134.82000732421875,3651728,3,3,2,0.9062043353915216,3.875,3.875,5.5,1.0,UPS,,
2024-11-22,131.74000549316406,131.80999755859375,129.8300018310547,129.99000549316406,129.99000549316406,4107995,5,1,2,0.9992558509111404,4.5,5.5,3.5,0.0,PM,,
2024-11-22,51.790000915527344,52.39500045776367,51.66999816894531,52.36000061035156,52.36000061035156,2658287,0,0,8,0.8997294753789902,6.0,4.375,5.625,1.0,BHP,,
2024-11-22,192.9499969482422,193.0,189.42999267578125,190.0800018310547,190.0800018310547,8021503,5,0,3,0.998908407986164,4.25,7.25,2.75,0.0,TSM,,
2024-11-22,235.7400054931641,236.759994506836,234.2550048828125,236.25,236.25,750691,1,0,7,0.9187773689627649,5.5,5.875,2.875,1.0,SAP,,
2024-11-22,68.91000366210938,70.19999694824219,68.44999694824219,69.83999633789062,69.83999633789062,13126425,3,0,5,0.9013635590672492,4.125,6.375,2.5,1.0,C,,
2024-11-22,154.7899932861328,156.8800048828125,153.72999572753906,156.7899932861328,156.7899932861328,5537614,4,0,4,0.9820886924862862,4.5,5.625,2.75,1.0,QCOM,,
2024-11-22,24.334999084472656,24.68000030517578,24.13999938964844,24.5,24.5,31002178,0,0,8,0.9572987928986548,5.875,5.5,3.875,1.0,INTC,,
2024-11-22,44.15999984741211,44.70000076293945,44.04499816894531,44.22999954223633,44.22999954223633,9010996,6,0,2,0.9874809235334396,4.75,5.0,4.25,1.0,SLB,,
2024-11-22,140.63999938964844,142.4550018310547,139.5749969482422,140.91000366210938,140.91000366210938,2374098,3,1,4,0.9867129623889924,5.125,4.625,4.125,1.0,VLO,,
2024-11-22,35.46670150756836,35.904998779296875,35.369998931884766,35.779998779296875,35.779998779296875,9400154,3,1,4,0.9512274265289308,4.25,5.25,2.5,1.0,CSX,,
2024-11-22,203.1000061035156,205.1699981689453,202.8000030517578,204.3099975585937,204.3099975585937,1454704,3,1,4,0.9391181543469428,6.375,6.25,2.75,1.0,AMT,,
2024-11-22,115.5199966430664,115.98999786376952,114.61000061035156,114.6999969482422,114.6999969482422,2008740,0,1,7,0.911983534693718,4.0,7.125,1.875,0.0,DUK,,
2024-11-22,266.0799865722656,269.42999267578125,265.4750061035156,268.95001220703125,268.95001220703125,1314393,5,0,3,0.997542142868042,6.125,6.125,2.75,1.0,NSC,,
2024-11-22,241.16000366210932,242.10499572753903,238.5,239.66000366210932,239.66000366210932,1421478,5,1,2,0.9689991027116776,5.75,5.25,4.625,0.0,STZ,,
2024-11-22,757.0499877929688,761.2799072265625,745.0811767578125,748.010009765625,748.010009765625,4010938,2,4,2,0.924368031322956,4.75,5.0,5.0,0.0,LLY,,
2024-11-22,28.540000915527344,28.809999465942383,28.479999542236328,28.489999771118164,28.489999771118164,7748804,7,0,1,0.9683574810624124,4.5,6.75,3.5,0.0,KMI,,
2024-11-22,384.6600036621094,391.9898986816406,383.1499938964844,388.2699890136719,388.2699890136719,1007513,2,0,6,0.965314544737339,6.0,5.125,1.875,1.0,CHTR,,
2024-11-22,174.14500427246094,177.39999389648438,173.8800048828125,176.27999877929688,176.27999877929688,10608731,5,0,3,0.9849493131041528,4.375,5.875,2.75,1.0,PG,,
2024-11-22,31.86000061035156,32.119998931884766,31.690000534057617,31.96999931335449,31.96999931335449,5938653,1,1,6,0.9811618700623512,4.625,3.625,4.875,1.0,LUV,,
2024-11-22,10.8100004196167,11.380000114440918,10.800000190734863,11.18000030517578,11.18000030517578,76354782,1,5,2,0.9780484437942504,4.25,2.5,6.5,1.0,F,,
2024-11-22,264.2200012207031,266.17999267578125,263.2300109863281,266.0599975585937,266.0599975585937,2230870,6,0,2,0.996770679950714,3.875,7.625,1.625,1.0,PGR,,
2024-11-22,121.6999969482422,125.75,121.26000213623048,125.01000213623048,125.01000213623048,13650864,3,4,1,0.9480451419949532,5.125,4.0,5.625,1.0,TGT,,
2024-11-22,477.9299926757813,483.2275085449219,477.6600036621094,480.6600036621094,480.6600036621094,303856,4,0,4,0.9480559900403024,4.375,6.5,2.125,1.0,MCO,,
2024-11-22,126.26000213623048,128.49000549316406,126.26000213623048,127.88999938964844,127.88999938964844,1033438,4,0,4,0.983649455010891,4.5,6.0,1.75,1.0,PRU,,
2024-11-22,114.31999969482422,115.94000244140624,113.95999908447266,115.8000030517578,115.8000030517578,2432874,5,0,3,0.9671564921736716,5.625,5.75,2.25,1.0,PLD,,
2024-11-22,75.80000305175781,76.83499908447266,75.62999725341797,76.05999755859375,76.05999755859375,2851748,2,0,6,0.9034063443541528,6.5,5.0,2.0,1.0,AIG,,
2024-11-22,183.0749969482422,183.9600067138672,180.7100067138672,181.13999938964844,181.13999938964844,1441688,5,0,3,0.9498204216361046,5.25,6.875,1.75,0.0,SPG,,
2024-11-22,44.7599983215332,45.540000915527344,44.65999984741211,45.459999084472656,45.459999084472656,5492633,4,0,4,0.9391200765967368,4.375,6.125,3.75,1.0,DOW,,
2024-11-22,100.0,102.55999755859376,99.7699966430664,102.5,102.5,6511448,1,2,5,0.9643002972006798,4.625,4.375,4.75,1.0,SBUX,,
2024-11-22,579.22998046875,590.4249877929688,580.8350219726562,589.5700073242188,589.5700073242188,417413,3,1,4,0.9278005138039588,5.5,5.125,4.125,1.0,MSCI,,
2024-11-22,260.57000732421875,262.8599853515625,260.07000732421875,262.4700012207031,262.4700012207031,1182375,4,2,2,0.9342569559812546,4.25,5.375,3.0,1.0,TRV,,
2024-11-22,176.35000610351562,178.07000732421875,176.27999877929688,176.9600067138672,176.9600067138672,1854547,5,0,3,0.9991746544837952,4.125,7.25,1.25,1.0,ZTS,,
2024-11-22,127.69000244140624,128.47999572753906,126.37000274658205,128.4199981689453,128.4199981689453,2022796,3,0,5,0.9988360926508904,5.125,6.375,1.25,1.0,MMM,,
2024-11-22,39.43999862670898,39.560001373291016,38.685001373291016,38.709999084472656,38.709999084472656,3924327,3,1,4,0.9259225949645042,5.0,5.875,2.75,0.0,EXC,,
2024-11-22,85.87999725341797,86.37000274658203,85.4000015258789,86.08000183105469,86.08000183105469,3817314,5,1,2,0.9946084469556808,3.75,6.0,1.625,1.0,FIS,,
2024-11-22,549.8400268554688,552.0,541.989990234375,547.8699951171875,547.8699951171875,1375405,6,0,2,0.9994498640298844,3.375,7.125,2.375,0.0,ISRG,,
2024-11-25,2.125,2.25,2.119999885559082,2.1700000762939453,2.1700000762939453,73838531,4,1,3,0.9624325633049012,4.25,4.625,5.625,1.0,LCID,,
2024-11-25,25.75,26.450000762939453,25.780000686645508,26.170000076293945,26.170000076293945,57615677,2,3,3,0.9419394358992575,4.0,6.125,3.75,1.0,PFE,,
2024-11-25,23.149999618530277,23.31999969482422,22.950000762939453,23.100000381469727,23.100000381469727,27444361,3,0,5,0.9546351805329324,5.875,5.0,4.75,0.0,T,,
2024-11-25,120.36000061035156,121.0,118.05999755859376,118.6500015258789,118.6500015258789,4388209,4,0,4,0.9884432703256608,3.875,6.5,3.375,0.0,RTX,,
2024-11-25,86.5,86.80000305175781,84.7699966430664,85.75,85.75,5823706,2,0,6,0.9572824686765672,5.25,6.5,1.25,0.0,MDT,,
2024-11-25,166.08999633789062,168.62989807128906,165.60719299316406,167.64999389648438,167.64999389648438,32828285,2,1,5,0.8791404366493225,4.875,4.375,4.0,1.0,GOOGL,,
2024-11-25,562.97998046875,572.5914916992188,556.3900146484375,565.1099853515625,565.1099853515625,13460330,4,2,2,0.8712562099099159,5.5,5.375,4.0,1.0,META,,
2024-11-25,231.4600067138672,233.2449951171875,229.7400054931641,232.8699951171875,232.8699951171875,86333323,2,1,5,0.9463575258851052,5.25,4.5,4.125,1.0,AAPL,,
2024-11-25,138.10000610351562,141.0,137.85499572753906,140.92999267578125,140.92999267578125,7923114,3,1,4,0.9995210766792296,5.875,4.75,3.75,1.0,ABNB,,
2024-11-25,199.27999877929688,201.9499053955078,199.0,201.4499969482422,201.4499969482422,39715029,4,1,3,0.9141153991222382,5.5,5.125,2.0,1.0,AMZN,,
2024-11-25,418.1900024414063,421.05999755859375,414.864990234375,418.7900085449219,418.7900085449219,25842761,2,4,2,0.8901068568229675,3.75,3.5,4.0,1.0,MSFT,,
2024-11-25,90.5,90.9499969482422,89.05999755859375,89.5,89.5,14424953,4,1,3,0.9567950963974,4.5,4.875,2.75,0.0,WMT,,
2024-11-25,521.6400146484375,527.3800048828125,521.2100219726562,526.5999755859375,526.5999755859375,4502975,1,0,2,0.8966133793195089,3.333333333333333,5.333333333333333,3.333333333333333,1.0,MA,,
2024-11-25,115.68000030517578,116.57980346679688,114.93199920654295,116.0,116.0,6642350,2,1,5,0.9740283116698264,5.5,6.375,2.5,1.0,DIS,,
2024-11-25,902.0499877929688,902.0499877929688,864.219970703125,865.5900268554688,865.5900268554688,5995189,3,0,5,0.960842289030552,4.875,6.25,1.875,0.0,NFLX,,
2024-11-25,140.49000549316406,142.35000610351562,139.0500030517578,141.1300048828125,141.1300048828125,30744606,2,0,6,0.9546698331832886,4.875,6.25,3.125,1.0,AMD,,
2024-11-25,641.6099853515625,651.1099853515625,632.8800048828125,634.6199951171875,634.6199951171875,2950852,4,0,4,0.9729437083005904,5.625,5.875,3.25,0.0,INTU,,
2024-11-25,608.7899780273438,611.0700073242188,598.9099731445312,603.030029296875,603.030029296875,2937793,1,1,6,0.9849948808550836,5.125,4.625,3.125,0.0,GS,,
2024-11-25,135.44000244140625,136.24000549316406,133.5800018310547,133.66000366210938,133.66000366210938,8005028,1,0,7,0.9860264807939528,5.125,5.375,1.125,0.0,MS,,
2024-11-25,223.3500061035156,226.41000366210935,222.6499938964844,226.1300048828125,226.1300048828125,7023307,3,0,5,0.951214924454689,4.875,6.5,3.5,1.0,IBM,,
2024-11-25,599.52001953125,600.8499755859375,595.2000122070312,597.530029296875,597.530029296875,41803025,6,0,2,0.9762564674019814,6.25,5.375,2.625,0.0,SPY,,
2024-11-25,162.14999389648438,163.1699981689453,159.83999633789062,160.36000061035156,160.36000061035156,4915747,6,0,2,0.9450505301356316,3.75,6.375,2.875,0.0,CVX,,
2024-11-25,597.5800170898438,609.8400268554688,595.010009765625,605.8300170898438,605.8300170898438,2393260,4,0,4,0.96706473082304,5.25,6.0,3.375,1.0,UNH,,
2024-11-25,162.6999969482422,163.58999633789062,162.0,163.0500030517578,163.0500030517578,8224817,5,1,2,0.9626788794994354,3.75,6.625,3.0,1.0,PEP,,
2024-11-25,425.0,430.25,424.4599914550781,428.6700134277344,428.6700134277344,4541497,4,1,3,0.999664142727852,3.875,7.125,2.125,1.0,HD,,
2024-11-25,78.5,79.85990142822266,78.41000366210938,79.26000213623047,79.26000213623047,18243594,1,1,6,0.9870974123477936,5.375,5.375,3.625,1.0,NKE,,
2024-11-25,291.7650146484375,296.6099853515625,292.1600036621094,296.19000244140625,296.19000244140625,3309810,3,0,5,0.8954111263155937,5.625,5.375,3.625,1.0,MCD,,
2024-11-25,58.650001525878906,58.959999084472656,58.27000045776367,58.7400016784668,58.7400016784668,51432769,5,0,3,0.9556786119937896,3.75,7.875,1.25,1.0,CSCO,,
2024-11-25,84.25,85.875,83.76000213623047,85.58000183105469,85.58000183105469,14117064,2,1,5,0.9968392699956894,5.125,5.375,4.0,1.0,BABA,,
2024-11-25,150.6999969482422,153.27999877929688,150.25999450683594,153.10000610351562,153.10000610351562,9792727,3,1,4,0.9235193356871604,3.875,2.125,3.5,1.0,BA,,
2024-11-25,243.4600067138672,250.5749969482422,243.0500030517578,249.32000732421875,249.32000732421875,4205343,5,2,1,0.9367535933852196,4.0,5.5,3.25,1.0,UNP,,
2024-11-25,400.0,407.1499938964844,400.0,405.6499938964844,405.6499938964844,4396142,4,0,4,0.9868927299976348,5.875,5.375,4.375,1.0,CAT,,
2024-11-25,182.2400054931641,183.6999969482422,179.5500030517578,180.2100067138672,180.2100067138672,3247493,5,1,2,0.976769357919693,4.25,6.5,2.125,0.0,GE,,
2024-11-25,532.97998046875,534.0,515.0,521.8900146484375,521.8900146484375,3605526,6,0,2,0.9230906069278716,3.75,6.125,2.625,0.0,LMT,,
2024-11-25,111.9000015258789,111.95999908447266,105.54000091552734,106.0999984741211,106.0999984741211,12187452,4,0,4,0.99685787409544,5.625,5.875,2.25,0.0,COP,,
2024-11-25,201.42999267578125,204.13999938964844,199.9600067138672,202.92999267578125,202.92999267578125,9140873,5,1,2,0.9335255101323128,5.875,4.625,4.5,1.0,TXN,,
2024-11-25,88.22000122070312,92.79989624023438,88.21499633789062,89.02999877929688,89.02999877929688,16066227,5,0,3,0.99379812926054,3.625,5.75,1.75,1.0,ZM,,
2024-11-25,92.5,92.51000213623048,89.30000305175781,90.75,90.75,11085858,6,0,2,0.9148691445589066,4.25,6.25,3.25,0.0,SQ,,
2024-11-25,87.94999694824219,88.43000030517578,87.41000366210938,88.41999816894531,88.41999816894531,5833782,3,1,4,0.9855033531785012,4.5,6.25,2.5,1.0,SO,,
2024-11-25,236.1699981689453,239.375,235.4499969482422,237.67999267578125,237.67999267578125,1961985,5,0,3,0.9957692176103592,5.375,5.25,3.875,1.0,DHR,,
2024-11-25,973.8699951171876,975.0,949.6900024414062,960.8900146484376,960.8900146484376,3006869,5,1,2,0.9991159364581108,3.875,5.75,4.25,0.0,COST,,
2024-11-25,448.0,469.3900146484375,446.7000122070313,462.6900024414063,462.6900024414063,2458029,3,1,4,0.8510224223136902,5.875,5.125,4.25,1.0,DE,,
2024-11-25,31.96999931335449,32.48500061035156,31.90999984741211,32.02000045776367,32.02000045776367,17337091,3,2,3,0.9195368885993958,4.75,5.125,4.125,1.0,KHC,,
2024-11-25,80.75,83.09500122070312,80.19999694824219,82.66999816894531,82.66999816894531,4190786,3,5,0,0.999595619738102,4.125,2.75,4.5,1.0,BIDU,,
2024-11-25,97.20999908447266,98.0,96.13999938964844,96.83000183105467,96.83000183105467,4471627,5,2,1,0.9709627404808998,3.375,6.375,3.125,0.0,UAL,,
2024-11-25,95.54000091552734,95.75,94.94000244140624,95.33999633789062,95.33999633789062,6159199,3,0,5,0.992382913827896,4.25,6.5,3.25,0.0,CL,,
2024-11-25,130.6699981689453,131.0500030517578,129.1649932861328,130.7100067138672,130.7100067138672,4360512,5,1,2,0.9984868466854095,4.625,5.25,2.75,1.0,PM,,
2024-11-25,52.54999923706055,52.650001525878906,52.27999877929688,52.459999084472656,52.459999084472656,1642318,0,0,8,0.8997294753789902,5.25,4.375,5.5,0.0,BHP,,
2024-11-25,188.08999633789065,188.25,183.72000122070312,185.0800018310547,185.0800018310547,12992648,2,1,5,0.9550053998827934,5.25,6.875,2.875,0.0,TSM,,
